{
  "performance": "Beethoven_WoO80_var27_8bars_3_15",
  "overall_score": 0.505263157894737,
  "audio_features": {
    "tempo": 107.666015625,
    "spectral_centroid_mean": 876.1376318478946,
    "spectral_centroid_std": 173.2567274645097,
    "spectral_rolloff_mean": 1510.33573381922,
    "rms_mean": 0.08836052566766739,
    "rms_std": 0.035366687923669815,
    "dynamic_range": 0.19186413288116455,
    "zcr_mean": 0.028191235726556185,
    "zcr_std": 0.00857146637566755,
    "duration": 14.350702947845805,
    "sample_rate": 44100
  },
  "perceptual_ratings": {
    "Timing_Stable_Unstable": 0.34285714285714286,
    "Articulation_Short_Long": 0.31428571428571433,
    "Articulation_Soft_cushioned_Hard_solid": 0.7428571428571429,
    "Pedal_Sparse/dry_Saturated/wet": 0.4571428571428572,
    "Pedal_Clean_Blurred": 0.42857142857142855,
    "Timbre_Even_Colorful": 0.31428571428571433,
    "Timbre_Shallow_Rich": 0.37142857142857144,
    "Timbre_Bright_Dark": 0.6,
    "Timbre_Soft_Loud": 0.7999999999999999,
    "Dynamic_Sophisticated/mellow_Raw/crude": 0.7142857142857143,
    "Dynamic_Little_dynamic_range_Large_dynamic_range": 0.37142857142857144,
    "Music_Making_Fast_paced_Slow_paced": 0.37142857142857144,
    "Music_Making_Flat_Spacious": 0.4571428571428572,
    "Music_Making_Disproportioned_Balanced": 0.5428571428571428,
    "Music_Making_Pure_Dramatic/expressive": 0.5142857142857143,
    "Emotion_&_Mood_Optimistic/pleasant_Dark": 0.7142857142857143,
    "Emotion_&_Mood_Low_Energy_High_Energy": 0.7428571428571429,
    "Emotion_&_Mood_Honest_Imaginative": 0.39999999999999997,
    "Interpretation_Unsatisfactory/doubtful_Convincing": 0.39999999999999997
  },
  "extreme_low": [
    [
      "Articulation_Short_Long",
      0.31428571428571433
    ],
    [
      "Timbre_Even_Colorful",
      0.31428571428571433
    ],
    [
      "Timing_Stable_Unstable",
      0.34285714285714286
    ]
  ],
  "extreme_high": [
    [
      "Articulation_Soft_cushioned_Hard_solid",
      0.7428571428571429
    ],
    [
      "Emotion_&_Mood_Low_Energy_High_Energy",
      0.7428571428571429
    ],
    [
      "Timbre_Soft_Loud",
      0.7999999999999999
    ]
  ]
}