{
  "lowest_5": [
    {
      "performance": "Schubert_D935_no.3_4bars_Score2_1",
      "overall_score": 0.35037593984962406,
      "player_id": 11,
      "ratings": [
        0.19999999999999998,
        0.2285714285714286,
        0.7999999999999999,
        0.19999999999999998,
        0.17142857142857143,
        0.17142857142857143,
        0.17142857142857143,
        0.42857142857142855,
        0.6,
        0.7142857142857143,
        0.17857142857142858,
        0.5142857142857143,
        0.2285714285714286,
        0.4571428571428572,
        0.2285714285714286,
        0.42857142857142855,
        0.5357142857142857,
        0.17142857142857143,
        0.2285714285714286
      ]
    },
    {
      "performance": "Schubert_D935_no.3_4bars_Score_1",
      "overall_score": 0.35150375939849626,
      "player_id": 1,
      "ratings": [
        0.14285714285714285,
        0.19999999999999998,
        0.8571428571428571,
        0.2857142857142857,
        0.31428571428571433,
        0.14285714285714285,
        0.17142857142857143,
        0.31428571428571433,
        0.7142857142857143,
        0.8285714285714285,
        0.14285714285714285,
        0.5142857142857143,
        0.19999999999999998,
        0.31428571428571433,
        0.17857142857142858,
        0.35714285714285715,
        0.5714285714285714,
        0.19999999999999998,
        0.2285714285714286
      ]
    },
    {
      "performance": "Schubert_D935_no.3_4bars_Score_17",
      "overall_score": 0.3684210526315789,
      "player_id": 1,
      "ratings": [
        0.2571428571428572,
        0.31428571428571433,
        0.5714285714285714,
        0.2857142857142857,
        0.2857142857142857,
        0.31428571428571433,
        0.2571428571428572,
        0.42857142857142855,
        0.4857142857142857,
        0.6,
        0.2857142857142857,
        0.5142857142857143,
        0.2571428571428572,
        0.39999999999999997,
        0.31428571428571433,
        0.37142857142857144,
        0.4857142857142857,
        0.2857142857142857,
        0.2857142857142857
      ]
    },
    {
      "performance": "Schubert_D935_no.3_4bars_Score2_9",
      "overall_score": 0.37293233082706767,
      "player_id": 11,
      "ratings": [
        0.2571428571428572,
        0.42857142857142855,
        0.5714285714285714,
        0.5142857142857143,
        0.4571428571428572,
        0.19999999999999998,
        0.2285714285714286,
        0.2571428571428572,
        0.5142857142857143,
        0.6571428571428571,
        0.2285714285714286,
        0.42857142857142855,
        0.2285714285714286,
        0.37142857142857144,
        0.2285714285714286,
        0.4571428571428572,
        0.5428571428571428,
        0.2857142857142857,
        0.2285714285714286
      ]
    },
    {
      "performance": "Schubert_D935_no.3_4bars_Score2_13",
      "overall_score": 0.3744360902255639,
      "player_id": 11,
      "ratings": [
        0.2571428571428572,
        0.2571428571428572,
        0.6,
        0.34285714285714286,
        0.37142857142857144,
        0.19999999999999998,
        0.2285714285714286,
        0.39999999999999997,
        0.7142857142857143,
        0.7428571428571429,
        0.19999999999999998,
        0.4857142857142857,
        0.2571428571428572,
        0.34285714285714286,
        0.2857142857142857,
        0.4571428571428572,
        0.4857142857142857,
        0.2285714285714286,
        0.2571428571428572
      ]
    }
  ],
  "average_5": [
    {
      "performance": "Schubert_D960_mv3_8bars_9_27",
      "overall_score": 0.5528822055137844,
      "player_id": 3,
      "ratings": [
        0.42857142857142855,
        0.5047619047619047,
        0.5142857142857143,
        0.7047619047619048,
        0.6380952380952382,
        0.5047619047619047,
        0.6095238095238095,
        0.43809523809523815,
        0.6380952380952382,
        0.6380952380952382,
        0.6,
        0.44761904761904764,
        0.6095238095238095,
        0.5333333333333333,
        0.6095238095238095,
        0.4095238095238095,
        0.6285714285714287,
        0.5142857142857143,
        0.5333333333333333
      ]
    },
    {
      "performance": "Schubert_D960_mv3_8bars_9_17",
      "overall_score": 0.5528527200353824,
      "player_id": 3,
      "ratings": [
        0.3277310924369748,
        0.5966386554621849,
        0.47058823529411764,
        0.588235294117647,
        0.5714285714285714,
        0.588235294117647,
        0.6302521008403362,
        0.453781512605042,
        0.5798319327731092,
        0.3865546218487395,
        0.5210084033613446,
        0.5378151260504201,
        0.6218487394957982,
        0.7142857142857143,
        0.6302521008403362,
        0.46218487394957986,
        0.546218487394958,
        0.6218487394957982,
        0.6554621848739496
      ]
    },
    {
      "performance": "Schubert_D960_mv3_8bars_1_11",
      "overall_score": 0.5532581453634084,
      "player_id": 0,
      "ratings": [
        0.33333333333333337,
        0.5476190476190477,
        0.41666666666666663,
        0.9166666666666667,
        0.9285714285714286,
        0.36904761904761907,
        0.6428571428571429,
        0.41666666666666663,
        0.7142857142857143,
        0.5952380952380952,
        0.4642857142857143,
        0.42857142857142855,
        0.5,
        0.5,
        0.6904761904761905,
        0.4642857142857143,
        0.6904761904761905,
        0.4880952380952381,
        0.40476190476190477
      ]
    },
    {
      "performance": "Beethoven_WoO80_var3_8bars_2_2",
      "overall_score": 0.5526315789473685,
      "player_id": 9,
      "ratings": [
        0.4523809523809524,
        0.5714285714285714,
        0.5476190476190477,
        0.5,
        0.38095238095238093,
        0.5238095238095238,
        0.619047619047619,
        0.40476190476190477,
        0.619047619047619,
        0.4761904761904762,
        0.5714285714285714,
        0.38095238095238093,
        0.5714285714285714,
        0.6428571428571429,
        0.7142857142857143,
        0.5476190476190477,
        0.7380952380952381,
        0.5476190476190477,
        0.6904761904761905
      ]
    },
    {
      "performance": "Beethoven_WoO80_var30_8bars_3_17",
      "overall_score": 0.5526315789473685,
      "player_id": 7,
      "ratings": [
        0.32142857142857145,
        0.7142857142857143,
        0.32142857142857145,
        0.7142857142857143,
        0.5,
        0.5,
        0.6428571428571429,
        0.75,
        0.32142857142857145,
        0.35714285714285715,
        0.35714285714285715,
        0.6428571428571429,
        0.6785714285714286,
        0.6785714285714286,
        0.5357142857142857,
        0.75,
        0.5,
        0.6071428571428571,
        0.6071428571428571
      ]
    }
  ],
  "highest_5": [
    {
      "performance": "Schubert_D960_mv2_8bars_9_09",
      "overall_score": 0.6890440386680987,
      "player_id": 3,
      "ratings": [
        0.5,
        0.6530612244897959,
        0.7448979591836735,
        0.8469387755102041,
        0.5918367346938777,
        0.7040816326530612,
        0.7755102040816327,
        0.4693877551020408,
        0.8571428571428571,
        0.6326530612244898,
        0.7959183673469388,
        0.4795918367346939,
        0.7244897959183673,
        0.7857142857142857,
        0.836734693877551,
        0.4489795918367347,
        0.826530612244898,
        0.6428571428571429,
        0.7755102040816327
      ]
    },
    {
      "performance": "Schubert_D960_mv2_16bars_9_01",
      "overall_score": 0.6922305764411028,
      "player_id": 3,