{
  "model_architecture": {
    "input_size": 8,
    "hidden_sizes": [
      32,
      16
    ],
    "output_size": 1
  },
  "training_history": {
    "train_losses": [
      0.03739548847079277,
      0.03380649909377098,
      0.031018076464533806,
      0.02817385643720627,
      0.026010513305664062,
      0.026296060532331467,
      0.02743603102862835,
      0.025013498961925507,
      0.0253689456731081,
      0.02505563572049141,
      0.02473989687860012,
      0.02544422633945942,
      0.024124102666974068,
      0.023138493299484253,
      0.024664735421538353,
      0.02124730497598648,
      0.023966366425156593,
      0.02450716495513916,
      0.023249249905347824,
      0.023506175726652145,
      0.02248457260429859,
      0.023954011499881744,
      0.02444281056523323,
      0.022724907845258713,
      0.022047853097319603,
      0.022722171619534492,
      0.021858148276805878,
      0.021748168393969536,
      0.021814987063407898,
      0.02219977416098118,
      0.02224140241742134,
      0.021988559514284134,
      0.021383440122008324,
      0.024093948304653168,
      0.02069147489964962,
      0.020366277545690536
    ],
    "val_losses": [
      0.03083209879696369,
      0.02865455485880375,
      0.024393238127231598,
      0.02585660107433796,
      0.028034716844558716,
      0.028783408924937248,
      0.027262235060334206,
      0.023499054834246635,
      0.026860231533646584,
      0.024551674723625183,
      0.02844158746302128,
      0.0254098828881979,
      0.021057061851024628,
      0.018328336998820305,
      0.024860480800271034,
      0.026370642706751823,
      0.02483942359685898,
      0.022622480988502502,
      0.02567555010318756,
      0.02113320492208004,
      0.01636793464422226,
      0.02666148543357849,
      0.023128462955355644,
      0.025707297027111053,
      0.02346431463956833,
      0.02159797213971615,
      0.017504723742604256,
      0.021095028147101402,
      0.02535877376794815,
      0.02055935747921467,
      0.022112563252449036,
      0.0212081428617239,
      0.023502403870224953,
      0.023280590772628784,
      0.02413380891084671,
      0.026353394612669945
    ],
    "best_val_loss": 0.01636793464422226,
    "final_epoch": 35
  },
  "evaluation": {
    "mse": 0.0301064345985651,
    "mae": 0.1519201397895813,
    "correlation": 0.05945177133898964
  }
}